{"cameraMode":{"drawMode":0,"name":"Shaded","section":"Shading Mode"},"sceneLighting":true,"audioPlay":false,"sceneViewState":{"m_AlwaysRefresh":false,"showFog":true,"showSkybox":true,"showFlares":true,"showImageEffects":true,"showParticleSystems":true,"showVisualEffectGraphs":true,"m_FxEnabled":true},"in2DMode":false,"pivot":{"x":0.2819027900695801,"y":-0.43083930015563967,"z":-0.06621336936950684},"rotation":{"x":-0.18248017132282258,"y":-0.4280364513397217,"z":0.08868952095508576,"w":-0.8806930780410767},"size":71.14569854736328,"orthographic":false}